<permission_mappings>
  <permission name='/admin/home.html'>
	  <implies allow="post">/ws/schema/query/com.tools4ever.tables.data.terms</implies>
	  <implies allow="post">/ws/schema/query/com.tools4ever.tables.data.sections</implies>
	  <implies allow="post">/ws/schema/query/com.tools4ever.tables.data.cc</implies>
	  <implies allow="post">/ws/schema/query/com.tools4ever.tables.data.sectionteacher</implies>
	  <implies allow="post">/ws/schema/query/com.tools4ever.tables.data.students</implies>
  </permission>
</permission_mappings>
