<queries>
	<query name="com.tools4ever.teachers.data.listTeacherStatus" coreTable="teachers" flattened="false" tags="t4e">
	    <summary>Students: All Contacts with Address</summary>
        <description>Students: All Contacts with Address</description>
        <columns>
            <column column="Teachers.id">id</column>
			<column column="Teachers.teacherNumber">teacherNumber</column>
			<column column="Teachers.status">status</column>
            
 		</columns>
        <sql>
			<![CDATA[				
SELECT DISTINCT
		  id
	    , teachernumber
		, status
	FROM teachers
			]]>
        </sql>
    </query>
</queries>
