<queries>
	<query name="com.tools4ever.schoolstaff.data.listSchoolStaff" coreTable="schoolstaff" flattened="false" tags="t4e">
	    <summary>SchoolStaff: All School Staff</summary>
        <description>List all school staff for district</description>
        <columns>
            <column column="SchoolStaff.Balance1">Balance1</column>
			<column column="SchoolStaff.Balance2">Balance2</column>
			<column column="SchoolStaff.Balance3">Balance3</column>
			<column column="SchoolStaff.Balance4">Balance4</column>
			<column column="SchoolStaff.DCID">DCID</column>
			<column column="SchoolStaff.ID">ID</column>
			<column column="SchoolStaff.Sched_BuildingCode">Sched_BuildingCode</column>
			<column column="SchoolStaff.Sched_Classroom">Sched_Classroom</column>
			<column column="SchoolStaff.Sched_Department">Sched_Department</column>
			<column column="SchoolStaff.Sched_Gender">Sched_Gender</column>
			<column column="SchoolStaff.Sched_Homeroom">Sched_Homeroom</column>
			<column column="SchoolStaff.Sched_HouseCode">Sched_HouseCode</column>
			<column column="SchoolStaff.Sched_IsTeacherFree">Sched_IsTeacherFree</column>
			<column column="SchoolStaff.Sched_Lunch">Sched_Lunch</column>
			<column column="SchoolStaff.Sched_Scheduled">Sched_Scheduled</column>
			<column column="SchoolStaff.Sched_TeacherMoreOneSchool">Sched_TeacherMoreOneSchool</column>
			<column column="SchoolStaff.Sched_Team">Sched_Team</column>
			<column column="SchoolStaff.Sched_UseBuilding">Sched_UseBuilding</column>
			<column column="SchoolStaff.SchoolID">SchoolID</column>
			<column column="SchoolStaff.StaffStatus">StaffStatus</column>
			<column column="SchoolStaff.Status">Status</column>
			<column column="SchoolStaff.Users_DCID">Users_DCID</column>
 		</columns>
        <sql>
			<![CDATA[				
SELECT DISTINCT
		  Balance1
		, Balance2
		, Balance3
		, Balance4
		, DCID
		, ID
		, Sched_BuildingCode
		, Sched_Classroom
		, Sched_Department
		, Sched_Gender
		, Sched_Homeroom
		, Sched_HouseCode
		, Sched_IsTeacherFree
		, Sched_Lunch
		, Sched_Scheduled
		, Sched_TeacherMoreOneSchool
		, Sched_Team
		, Sched_UseBuilding
		, SchoolID
		, StaffStatus
	    , Status
		, Users_DCID
	FROM SchoolStaff
			]]>
        </sql>
    </query>
</queries>
