<queries>
	<query name="com.tools4ever.users.data.listusers" coreTable="users" flattened="false" tags="t4e">
	    <summary>Users: All Users</summary>
        <description>List all users for district</description>
        <columns>
            <column column="users.AdminLDAPEnabled">AdminLDAPEnabled</column>
			<column column="users.CanChangeSchool">CanChangeSchool</column>
			<column column="users.DCID">DCID</column>
			<column column="users.Email_Addr">Email_Addr</column>
			<column column="users.Ethnicity">Ethnicity</column>
			<column column="users.FedEthnicity">FedEthnicity</column>
			<column column="users.FedRaceDecline">FedRaceDecline</column>
			<column column="users.First_Name">First_Name</column>
			<column column="users.HomePage">HomePage</column>
			<column column="users.Home_Phone">Home_Phone</column>
			<column column="users.Homeroom">Homeroom</column>
			<column column="users.HomeSchoolID">HomeSchoolID</column>
			<column column="users.LastFirst">LastFirst</column>
			<column column="users.Last_Name">Last_Name</column>
			<column column="users.LoginID">LoginID</column>
			<column column="users.Lunch_ID">Lunch_ID</column>
			<column column="users.Middle_Name">Middle_Name</column>
			<column column="users.PreferredName">PreferredName</column>
			<column column="users.PSAccess">PSAccess</column>
			<column column="users.PTAccess">PTAccess</column>
			<column column="users.School_Phone">School_Phone</column>
			<column column="users.SIF_StatePrid">SIF_StatePrid</column>
			<column column="users.TeacherLDAPEnabled">TeacherLDAPEnabled</column>
			<column column="users.TeacherLoginID">TeacherLoginID</column>
			<column column="users.TeacherNumber">TeacherNumber</column>
			<column column="users.Title">Title</column>
 		</columns>
        <sql>
			<![CDATA[				
SELECT DISTINCT
		  AdminLDAPEnabled
		, CanChangeSchool
		, DCID
		, Email_Addr
		, Ethnicity
		, FedEthnicity
		, FedRaceDecline
		, First_Name
		, HomePage
		, Home_Phone
		, Homeroom
		, HomeSchoolID
		, LastFirst
		, Last_Name
		, LoginID
		, Lunch_ID
		, Middle_Name
		, PreferredName
		, PSAccess
		, PTAccess
		, School_Phone
		, SIF_StatePrid
		, TeacherLDAPEnabled
		, TeacherLoginID
		, TeacherNumber
		, Title
	FROM Users
			]]>
        </sql>
    </query>
</queries>
