<queries>
	<query name="com.tools4ever.custom.agentsourcedids" coreTable="students" flattened="false" tags="t4e">
	    <summary>Custom: Agent SourcedId's</summary>
        <description>Returns an aggregated list of contacts</description>
        <columns>
            <column column="students.dcid">dcid</column>
			<column column="person.id">agentSourcedIds</column>
 		</columns>
        <sql>
			<![CDATA[				
			Select 
				  dcid				
				  , '"' || LISTAGG(contactids, ',') WITHIN GROUP (ORDER BY contactids) || '"' agentSourcedIds
				FROM (
					select distinct
						  s.dcid
						, p.id contactids
					from students s
					LEFT OUTER JOIN studentcontactassoc sca on sca.studentdcid = s.dcid
					LEFT OUTER JOIN person p on p.id = sca.personID
					INNER JOIN studentcontactdetail scd on scd.studentcontactassocid = sca.studentcontactassocid 
					  AND (SYSDATE between scd.startdate and scd.enddate OR scd.enddate is null)
					  AND (scd.iscustodial = '1' or scd.receivesmailflg = '1')
					where s.enroll_status = '0')
				Group by dcid
			]]>
        </sql>
    </query>
	<query name="com.tools4ever.custom.guardians" coreTable="person" flattened="false" tags="t4e">
	    <summary>Custom: Guardians</summary>
        <description>Returns a list of guardians with aggregated schools</description>
        <columns>
            <column column="person.id">sourcedId</column>
			<column column="students.schoolid">orgSourcedIds</column>
			<column column="emailAddress.emailAddress">username</column>
			<column column="person.FirstName">givenName</column>
			<column column="person.LastName">familyName</column>
			<column column="emailAddress.emailAddress">email</column>
			<column column="phonenumber.phonenumber">sms</column>
			<column column="phonenumber.phonenumber">phone</column>
			<column column="students.dcid">agentsourcedIds</column>
 		</columns>
        <sql>
			<![CDATA[				
				select
		  sourcedId
		, '"' || regexp_replace(LISTAGG(schoolid, ',') WITHIN GROUP (ORDER BY schoolid),'([^,]+)(,\1)*(,|$)', '\1\3') || '"' orgSourcedIds
		, username
		, givenName
		, familyName
		, email
		, sms
		, phone
		, '"' || LISTAGG(sIds, ',') WITHIN GROUP (ORDER BY sIds) || '"' agentsourcedIds
	FROM
	  ( select distinct
		  
		p.id sourcedId
		, s.schoolid
		, ea.emailaddress username
		, p.FirstName givenName
		, p.LastName familyName
		, ea.emailaddress email
		, pn.phonenumber sms
		, pn.phonenumber phone
		, 's' || s.dcid sIds
		FROM person p
		LEFT OUTER JOIN studentcontactassoc sca on sca.PersonID = p.id
		INNER JOIN students s on s.dcid = sca.studentdcid
		  AND s.enroll_status = '0'
		LEFT OUTER JOIN personEmailAddressAssoc peaa on peaa.PersonID = p.ID
		INNER JOIN emailAddress ea on peaa.emailaddressID = ea.emailaddressID 
		  AND peaa.ISPRIMARYEMAILADDRESS ='1'
		  AND ea.emailAddress is not NULL
		LEFT OUTER JOIN personphonenumberassoc ppna on ppna.personid = p.id AND ppna.phonenumberpriorityorder = '1'
		LEFT OUTER JOIN phonenumber pn on pn.phonenumberid = ppna.phonenumberid
		INNER JOIN studentcontactdetail scd on scd.studentcontactassocid = sca.studentcontactassocid 
		  AND (scd.iscustodial = '1' or scd.receivesmailflg = '1')
		  AND (SYSDATE between scd.startdate and scd.enddate OR scd.enddate is null)
		  )
	Group by (sourcedId, username, givenName, familyName, email, sms, phone)
			]]>
        </sql>
    </query>
	<query name="com.tools4ever.custom.totalk12" coreTable="students" flattened="false" tags="t4e">
	    <summary>Custom: TotalK12 Export</summary>
        <description>Returns a list of students for TotalK12</description>
        <columns>
            <column column="students.student_number">StudentNumber</column>
			<column column="students.first_name">FirstName</column>
			<column column="students.last_name">LastName</column>
			<column column="students.schoolid">SchoolID</column>
			<column column="students.grade_level">Grade</column>
			<column column="person.firstname">ParentFirstName</column>
			<column column="person.lastname">ParentLastName</column>
			<column column="PersonAddress.Street">ParentStreet</column>
			<column column="PersonAddress.City">ParentCity</column>
			<column column="codeset.displayvalue">ParentState</column>
			<column column="PersonAddress.postalcode">ParentZip</column>
			<column column="phonenumber.phonenumber">ParentPhoneNumber</column>
			<column column="emailaddress.emailaddress">ParentEmail</column>
			<column column="students.home_room">Homeroom</column>
			<column column="students.gender">Gender</column>
			<column column="students.fedethnicity">Ethnicity</column>
			<column column="studentrace.racecd">Race</column>
			<column column="students.dob">DOB</column>			
 		</columns>
        <sql>
			<![CDATA[				
				select "Student ID", 
        "First Name", 
        "Last Name", 
        "Building ID", 
        "Grade", 
        "Parent First Name",
        "Parent Last Name",
        "Parent Street Address",
        "Parent City",
        "Parent State",
        "Parent Zip",
        "Parent Phone Number",
        "Parent Email",
        "Home Room",
        "Gender",
        "Ethnicity",
        "Race",
        "Birthdate"
    FROM (
        select 
            CAST(student_number as VARCHAR(6))  as  "Student ID", 
            "First Name", 
            "Last Name", 
            "Building ID", 
            "Grade", 
            "Parent First Name",
            "Parent Last Name",
            CASE WHEN sysdate > "Address End Date" AND unit is not null
                THEN street || ' ' || unit
                WHEN sysdate > "Address End Date" AND unit is null
                THEN street
                WHEN (sysdate <= "Address End Date" AND unit is not null) or ("Address End Date" is null AND unit is not null)
                THEN "Parent Street Address" || ' ' || unit
                ELSE "Parent Street Address"
            END as    "Parent Street Address",
            CASE WHEN sysdate > "Address End Date" 
                THEN city
                ELSE "Parent City"
            END as    "Parent City",
            displayvalue as    "Parent State",
            CASE WHEN sysdate > "Address End Date" 
                THEN zip
                ELSE "Parent Zip"
            End as    "Parent Zip",
            "Parent Phone Number",
            "Parent Email",
            "Home Room",
            "Gender",
            "Ethnicity",
            "Race",
            dob "Birthdate",
            ROW_NUMBER() OVER (Partition by student_number ORDER by contactpriorityorder ASC,   phonenumberpriorityorder ASC, "Address End Date" DESC, "Parent Email") Seq
        FROM (
            select distinct
                s.student_number
            ,   s.first_name        as    "First Name"
            ,   s.last_name         as    "Last Name"
            ,   s.schoolid          as    "Building ID"
            ,   s.grade_level       as    "Grade"
            ,   p.firstname         as    "Parent First Name"
            ,   p.lastname          as    "Parent Last Name"
            ,   pa.street           as    "Parent Street Address"
            ,   pa.City             as    "Parent City"
            ,   cs.displayvalue
            ,   pa.unit
            ,   pa.postalcode       as    "Parent Zip"
            ,   paa.enddate         as    "Address End Date"
            ,   pn.phonenumber      as    "Parent Phone Number"
            ,   ea.emailaddress     as    "Parent Email"
            ,   s.home_room         as    "Home Room"
            ,   s.gender            as    "Gender"
            ,   s.fedethnicity      as    "Ethnicity"
            ,   sca.contactpriorityorder
            ,   ppna.phonenumberpriorityorder
            ,   s.street
            ,   s.city
            ,   s.state
            ,   s.zip
            ,   LISTAGG(sr.racecd,'') WITHIN GROUP (ORDER BY s.student_number) "Race"
            ,   TO_CHAR(s.dob, 'MM/DD/YYYY') dob
            FROM students s
            INNER JOIN U_DEF_EXT_STUDENTS udes ON udes.studentsdcid = s.dcid
            FULL OUTER JOIN studentcontactassoc sca on sca.studentdcid = s.dcid
            FULL OUTER JOIN studentcontactdetail scd on scd.studentcontactassocid = sca.studentcontactassocid
                AND (scd.iscustodial = '1')
                AND (SYSDATE between scd.startdate and scd.enddate 
                    OR scd.enddate is null)
            LEFT OUTER JOIN person p on p.id = sca.personid
            LEFT OUTER JOIN PersonAddressAssoc paa on paa.personid = p.id
            --    AND (SYSDATE between paa.startdate and paa.enddate or paa.enddate is null) 
            LEFT OUTER JOIN PersonAddress pa on pa.personaddressid = paa.personaddressid
            LEFT OUTER JOIN codeset cs on cs.codesetid = pa.statescodesetid
            LEFT OUTER JOIN personEmailAddressAssoc peaa on peaa.PersonID = p.ID
            LEFT OUTER JOIN emailaddress ea on peaa.emailaddressID = ea.emailaddressID
                AND (peaa.ISPRIMARYEMAILADDRESS = '1' or peaa.emailaddresspriorityorder = '1') 
            LEFT OUTER JOIN personphonenumberassoc ppna on ppna.personid = p.id 
                AND (ppna.ispreferred = '1' 
                    OR ppna.phonenumberpriorityorder = '1' 
                    OR ppna.phonenumberpriorityorder = '2')
            LEFT OUTER JOIN phonenumber pn on pn.phonenumberid = ppna.phonenumberid
            LEFT OUTER JOIN studentrace sr on sr.studentid = s.id

            where s.enroll_status in (0)
            AND s.schoolid != '0'
        group by s.student_number, s.first_name, s.last_name, s.schoolid, s.grade_level, 
            p.firstname, p.lastname, pa.street, pa.unit, pa.City, cs.displayvalue, 
            pa.postalcode, paa.enddate, pn.phonenumber, ea.emailaddress, s.home_room, s.gender, 
            s.fedethnicity, sca.contactpriorityorder, ppna.phonenumberpriorityorder, s.street, s.city, s.state, s.zip, s.dob
        ) 
    )
    Where Seq = '1'
			]]>
        </sql>
    </query>
</queries>
