<queries>
	<query name="com.tools4ever.students.contacts.listall" coreTable="students" flattened="false" tags="t4e">
	    <summary>Students: All Contacts</summary>
        <description>Students: All Contacts </description>
        <columns>
            <column column="Students.Dcid">Dcid</column>
			<column column="Students.Student_Number">Student_Number</column>
			<column column="Students.Last_Name">Student_LastName</column>
            <column column="Students.First_Name">Student_FirstName</column>
            <column column="EmailAddress.EmailAddress">EmailAddress</column>
			<column column="PersonEmailAddressAssoc.ISPRIMARYEMAILADDRESS">EmailAddress_IsPrimary</column>
            <column column="Person.LastName">Contact_LastName</column>
            <column column="Person.FirstName">Contact_FirstName</column>
			<column column="Person.IsActive">Person_IsActive</column>
			<column column="StudentContactDetail.IsActive">Contact_IsActive</column>
			<column column="CodeSet.Code">Relationship</column>
			<column column="StudentContactDetail.IsCustodial">IsCustodial</column>
			<column column="StudentContactDetail.LivesWithFlg">LivesWith</column>
			<column column="StudentContactDetail.SchoolPickupFlg">SchoolPickup</column>
			<column column="StudentContactDetail.IsEmergency">IsEmergency</column>
			<column column="StudentContactDetail.ReceivesMailFlg">ReceivesMail</column>
			<column column="StudentContactAssoc.ContactPriorityOrder">ContactPriorityOrder</column>
			<column column="phonenumber.PhoneNumber">PhoneNumber</column>
			<column column="personphonenumberassoc.phonenumberpriorityorder">PhoneNumber_PriorityOrder</column>
 		      </columns>
        <sql>
			<![CDATA[				
select
   S.DCID,
   S.Student_Number,
   S.last_name,
   S.first_name,
   E.EmailAddress,
   PEA.ISPRIMARYEMAILADDRESS,
   P.lastname,
   P.firstname,
   P.IsActive PersonIsActive,
   SCD.IsActive ContactIsActive,
   CS.code,
   SCD.IsCustodial,
   SCD.LivesWithFlg,
   SCD.SchoolPickupFlg,
   SCD.IsEmergency,
   SCD.ReceivesMailFlg,
   SCA.ContactPriorityOrder,
   pn.PhoneNumber,
   ppna.phonenumberpriorityorder
from
   StudentContactAssoc SCA 
   INNER Join StudentContactDetail SCD on SCA.StudentContactAssocID = SCD.StudentContactAssocID 
   LEFT JOIN Person P on SCA.PERSONID = P.ID 
   LEFT JOIN STUDENTS S on SCA.STUDENTDCID = S.DCID 
   LEFT JOIN codeset CS on SCA.currreltypecodesetid = CS.codesetid 
   LEFT JOIN PersonEmailAddressAssoc PEA ON P.ID = PEA.personid 
   LEFT JOIN EmailAddress E ON PEA.EmailAddressID = E.EmailAddressID
   LEFT JOIN personphonenumberassoc ppna on ppna.personid = p.id
   LEFT JOIN phonenumber pn on pn.phonenumberid = ppna.phonenumberid
			]]>
        </sql>
    </query>
	<query name="com.tools4ever.students.contacts.listallwithaddress" coreTable="students" flattened="false" tags="t4e">
	    <summary>Students: All Contacts with Address</summary>
        <description>Students: All Contacts with Address</description>
        <columns>
            <column column="Students.Dcid">Dcid</column>
			<column column="Students.Student_Number">Student_Number</column>
			<column column="Students.Last_Name">Student_LastName</column>
            <column column="Students.First_Name">Student_FirstName</column>
            <column column="EmailAddress.EmailAddress">EmailAddress</column>
			<column column="PersonEmailAddressAssoc.ISPRIMARYEMAILADDRESS">EmailAddress_IsPrimary</column>
            <column column="PersonAddressAssoc.AddressPriorityOrder">Address_Priority</column>
			<column column="PersonAddressAssoc.AddressTypeCodeSetID">Address_Type</column>
			<column column="Person.ID">Contact_ID</column>
			<column column="Person.LastName">Contact_LastName</column>
            <column column="Person.FirstName">Contact_FirstName</column>
			<column column="Person.IsActive">Person_IsActive</column>
			<column column="PersonAddress.Street">Street</column>
			<column column="PersonAddress.City">City</column>
			<column column="States.State">State</column>
			<column column="PersonAddress.PostalCode">Zip</column>
			<column column="StudentContactDetail.IsActive">Contact_IsActive</column>
			<column column="CodeSet.Code">Relationship</column>
			<column column="StudentContactDetail.IsCustodial">IsCustodial</column>
			<column column="StudentContactDetail.LivesWithFlg">LivesWith</column>
			<column column="StudentContactDetail.SchoolPickupFlg">SchoolPickup</column>
			<column column="StudentContactDetail.IsEmergency">IsEmergency</column>
			<column column="StudentContactDetail.ReceivesMailFlg">ReceivesMail</column>
			<column column="StudentContactAssoc.ContactPriorityOrder">ContactPriorityOrder</column>
			<column column="phonenumber.PhoneNumber">PhoneNumber</column>
			<column column="personphonenumberassoc.phonenumberpriorityorder">PhoneNumber_PriorityOrder</column>
 		      </columns>
        <sql>
			<![CDATA[				
select
   S.DCID,
   S.Student_Number,
   S.last_name,
   S.first_name,
   E.EmailAddress,
   PEA.ISPRIMARYEMAILADDRESS,
   PAA.AddressPriorityOrder,
   PAA.AddressTypeCodeSetID,
   P.ID,
   P.lastname,
   P.firstname,
   P.IsActive PersonIsActive,
   PA.Street,
   PA.City,
   St.State,
   PA.PostalCode,
   SCD.IsActive ContactIsActive,
   CS.code,
   SCD.IsCustodial,
   SCD.LivesWithFlg,
   SCD.SchoolPickupFlg,
   SCD.IsEmergency,
   SCD.ReceivesMailFlg,
   SCA.ContactPriorityOrder,
   pn.PhoneNumber,
   ppna.phonenumberpriorityorder
from
   StudentContactAssoc SCA 
   INNER Join
      StudentContactDetail SCD 
      on SCA.StudentContactAssocID = SCD.StudentContactAssocID 
   LEFT JOIN
      Person P 
      on SCA.PERSONID = P.ID 
   LEFT JOIN
      STUDENTS S 
      on SCA.STUDENTDCID = S.DCID 
   LEFT JOIN
      codeset CS 
      on SCA.currreltypecodesetid = CS.codesetid 
   LEFT JOIN
      PersonEmailAddressAssoc PEA 
      ON P.ID = PEA.personid 
   LEFT JOIN
      EmailAddress E 
      ON PEA.EmailAddressID = E.EmailAddressID
	LEFT JOIN PersonAddressAssoc PAA ON PAA.PersonID = P.ID
	LEFT JOIN PersonAddress PA ON PA.PersonAddressID = PAA.PersonAddressID
	LEFT JOIN States St ON PA.StatesCodesetID = St.ID
	LEFT JOIN personphonenumberassoc ppna on ppna.personid = p.id
    LEFT JOIN phonenumber pn on pn.phonenumberid = ppna.phonenumberid
			]]>
        </sql>
    </query>
</queries>
