<queries>
	<query name="com.tools4ever.tables.data.terms" coreTable="terms" flattened="false" tags="t4e">
		<summary>Terms</summary>
		<description>List all terms for district</description>
		<columns>
			<column column="terms.Abbreviation">Abbreviation</column>
			<column column="terms.Attendance_Calculation_Code">Attendance_Calculation_Code</column>
			<column column="terms.AutoBuildBin">AutoBuildBin</column>
			<column column="terms.Days_Per_Cycle">Days_Per_Cycle</column>
			<column column="terms.DCID">DCID</column>
			<column column="terms.FirstDay">FirstDay</column>
			<column column="terms.ID">ID</column>
			<column column="terms.ImportMap">ImportMap</column>
			<column column="terms.LastDay">LastDay</column>
			<column column="terms.Name">Name</column>
			<column column="terms.NoOfDays">NoOfDays</column>
			<column column="terms.Periods_Per_Day">Periods_Per_Day</column>
			<column column="terms.Portion">Portion</column>
			<column column="terms.SchoolID">SchoolID</column>
			<column column="terms.STerms">STerms</column>
			<column column="terms.SuppressPublicView">SuppressPublicView</column>
			<column column="terms.TermInfo_guid">TermInfo_guid</column>
			<column column="terms.TermsInYear">TermsInYear</column>
			<column column="terms.YearID">YearID</column>
		</columns>
		<sql>
			<![CDATA[				
SELECT Abbreviation,
		Attendance_Calculation_Code,
		AutoBuildBin,
		Days_Per_Cycle,
		DCID,
		FirstDay,
		ID,
		ImportMap,
		LastDay,
		Name,
		NoOfDays,
		Periods_Per_Day,
		Portion,
		SchoolID,
		STerms,
        SuppressPublicView,
        TermInfo_guid,
        TermsInYear,
        YearID
	FROM Terms 
			]]>
		</sql>
	</query>
	<query name="com.tools4ever.tables.data.sections" coreTable="sections" flattened="false" tags="t4e">
		<summary>Sections</summary>
		<description>List all sections for district</description>
		<columns>
			<column column="sections.Attendance_Type_Code">Attendance_Type_Code</column>
			<column column="sections.BuildID">BuildID</column>
			<column column="sections.Comment_Value">Comment_Value</column>
			<column column="sections.Course_Number">Course_Number</column>
			<column column="sections.DCID">DCID</column>
			<column column="sections.Dependent_Secs">Dependent_Secs</column>
			<column column="sections.DistUniqueID">DistUniqueID</column>
			<column column="sections.ExcludeFromClassRank">ExcludeFromClassRank</column>
			<column column="sections.ExcludeFromGPA">ExcludeFromGPA</column>
			<column column="sections.ExcludeFromHonorRoll">ExcludeFromHonorRoll</column>
			<column column="sections.ExcludeFromStoredGrades">ExcludeFromStoredGrades</column>
			<column column="sections.Exclude_ADA">Exclude_ADA</column>
			<column column="sections.Exclude_State_Rpt_YN">Exclude_State_Rpt_YN</column>
			<column column="sections.Expression">Expression</column>
			<column column="sections.External_Expression">External_Expression</column>
			<column column="sections.FastPerList">FastPerList</column>
			<column column="sections.GradeProfile">GradeProfile</column>
			<column column="sections.GradeScaleID">GradeScaleID</column>
			<column column="sections.Grade_Level">Grade_Level</column>
			<column column="sections.GradebookType">GradebookType</column>
			<column column="sections.House">House</column>
			<column column="sections.ID">ID</column>
			<column column="sections.Instruction_Lang">Instruction_Lang</column>
			<column column="sections.LastAttUpdate">LastAttUpdate</column>
			<column column="sections.MaxCut">MaxCut</column>
			<column column="sections.MaxEnrollment">MaxEnrollment</column>
			<column column="sections.Max_Load_Status">Max_Load_Status</column>
			<column column="sections.NoOfTerms">NoOfTerms</column>
			<column column="sections.No_of_Students">No_of_Students</column>
			<column column="sections.PGFlags">PGFlags</column>
			<column column="sections.PGVersion">PGVersion</column>
			<column column="sections.Parent_Section_ID">Parent_Section_ID</column>
			<column column="sections.ProgramID">ProgramID</column>
			<column column="sections.Room">Room</column>
			<column column="sections.RosterModSer">RosterModSer</column>
			<column column="sections.ScheduleSectionID">ScheduleSectionID</column>
			<column column="sections.SchoolID">SchoolID</column>
			<column column="sections.SectionInfo_guid">SectionInfo_guid</column>
			<column column="sections.Section_Number">Section_Number</column>
			<column column="sections.Section_Type">Section_Type</column>
			<column column="sections.SortOrder">SortOrder</column>
			<column column="sections.Teacher">Teacher</column>
			<column column="sections.TeacherDescr">TeacherDescr</column>
			<column column="sections.Team">Team</column>
			<column column="sections.TermID">TermID</column>
			<column column="sections.TrackTeacherAtt">TrackTeacherAtt</column>
			<column column="sections.WhereTaught">WhereTaught</column>
			<column column="sections.WhereTaughtDistrict">WhereTaughtDistrict</column>
		</columns>
		<sql>
			<![CDATA[				
SELECT 
Attendance_Type_Code,
BuildID,
Comment_Value,
Course_Number,
DCID,
Dependent_Secs,
DistUniqueID,
ExcludeFromClassRank,
ExcludeFromGPA,
ExcludeFromHonorRoll,
ExcludeFromStoredGrades,
Exclude_ADA,
Exclude_State_Rpt_YN,
Expression,
External_Expression,
FastPerList,
GradeProfile,
GradeScaleID,
Grade_Level,
GradebookType,
House,
ID,
Instruction_Lang,
LastAttUpdate,
MaxCut,
MaxEnrollment,
Max_Load_Status,
NoOfTerms,
No_of_Students,
PGFlags,
PGVersion,
Parent_Section_ID,
ProgramID,
Room,
RosterModSer,
ScheduleSectionID,
SchoolID,
SectionInfo_guid,
Section_Number,
Section_Type,
SortOrder,
Teacher,
TeacherDescr,
Team,
TermID,
TrackTeacherAtt,
WhereTaught,
WhereTaughtDistrict
	FROM sections
			]]>
		</sql>
	</query>
	<query name="com.tools4ever.tables.data.cc" coreTable="cc" flattened="false" tags="t4e">
		<summary>CC</summary>
		<description>List all cc for district</description>
		<columns>
			<column column="cc.AB_Course_Cmp_Fun_Flg">AB_Course_Cmp_Fun_Flg</column>
			<column column="cc.AB_Course_Cmp_Ext_Crd">AB_Course_Cmp_Ext_Crd</column>
			<column column="cc.AB_Course_Cmp_Met_Cd">AB_Course_Cmp_Met_Cd</column>
			<column column="cc.AB_Course_Eva_Pro_Cd">AB_Course_Eva_Pro_Cd</column>
			<column column="cc.AB_Course_Cmp_Sta_Cd">AB_Course_Cmp_Sta_Cd</column>
			<column column="cc.Attendance">Attendance</column>
			<column column="cc.Attendance_Type_Code">Attendance_Type_Code</column>
			<column column="cc.Log">Log</column>
			<column column="cc.Course_Number">Course_Number</column>
			<column column="cc.CurrentAbsences">CurrentAbsences</column>
			<column column="cc.CurrentTardies">CurrentTardies</column>
			<column column="cc.DateEnrolled">DateEnrolled</column>
			<column column="cc.DateLeft">DateLeft</column>
			<column column="cc.DCID">DCID</column>
			<column column="cc.Expression">Expression</column>
			<column column="cc.FirstAttDate">FirstAttDate</column>
			<column column="cc.ID">ID</column>
			<column column="cc.LastAttMod">LastAttMod</column>
			<column column="cc.LastGradeUpdate">LastGradeUpdate</column>
			<column column="cc.OrigSectionID">OrigSectionID</column>
			<column column="cc.Period_Obsolete">Period_Obsolete</column>
			<column column="cc.SchoolID">SchoolID</column>
			<column column="cc.SectionID">SectionID</column>
			<column column="cc.Section_Number">Section_Number</column>
			<column column="cc.StudYear">StudYear</column>
			<column column="cc.StudentID">StudentID</column>
			<column column="cc.StudentSectEnrl_GUID">StudentSectEnrl_GUID</column>
			<column column="cc.TeacherComment">TeacherComment</column>
			<column column="cc.TeacherID">TeacherID</column>
			<column column="cc.TeacherPrivateNote">TeacherPrivateNote</column>
			<column column="cc.TermID">TermID</column>
		</columns>
		<sql>
			<![CDATA[				
SELECT AB_Course_Cmp_Fun_Flg,
       AB_Course_Cmp_Ext_Crd,
       AB_Course_Cmp_Met_Cd,
       AB_Course_Eva_Pro_Cd,
       AB_Course_Cmp_Sta_Cd,
       Attendance,
       Attendance_Type_Code,
       Log,
       Course_Number,
       CurrentAbsences,
       CurrentTardies,
       DateEnrolled,
       DateLeft,
       DCID,
       Expression,
       FirstAttDate,
       ID,
       LastAttMod,
       LastGradeUpdate,
       OrigSectionID,
       Period_Obsolete,
       SchoolID,
       SectionID,
       Section_Number,
       StudYear,
       StudentID,
       StudentSectEnrl_GUID,
       TeacherComment,
       TeacherID,
       TeacherPrivateNote,
       TermID
	FROM cc
	WHERE SYSDATE <= CC.DATELEFT
			]]>
		</sql>
	</query>
	<query name="com.tools4ever.tables.data.sectionteacher" coreTable="sectionteacher" flattened="false" tags="t4e">
		<summary>Section Teacher</summary>
		<description>List all section teacher for district</description>
		<columns>
			<column column="sectionteacher.End_Date">End_Date</column>
			<column column="sectionteacher.ID">ID</column>
			<column column="sectionteacher.PriorityOrder">PriorityOrder</column>
			<column column="sectionteacher.RoleID">RoleID</column>
			<column column="sectionteacher.SectionID">SectionID</column>
			<column column="sectionteacher.Start_Date">Start_Date</column>
			<column column="sectionteacher.TeacherID">TeacherID</column>
		</columns>
		<sql>
			<![CDATA[				
SELECT
  End_Date,
  ID,
  PriorityOrder,
  RoleID,
  SectionID,
  Start_Date,
  TeacherID
FROM
  SectionTeacher
			]]>
		</sql>
	</query>
	<query name="com.tools4ever.tables.data.students" coreTable="students" flattened="false" tags="t4e">
		<summary>Students</summary>
		<description>List all students for district</description>
		<columns>
			<column column="students.Alert_Discipline">Alert_Discipline</column>
			<column column="students.Alert_DisciplineExpires">Alert_DisciplineExpires</column>
			<column column="students.Alert_Guardian">Alert_Guardian</column>
			<column column="students.Alert_GuardianExpires">Alert_GuardianExpires</column>
			<column column="students.Alert_Medical">Alert_Medical</column>
			<column column="students.Alert_MedicalExpires">Alert_MedicalExpires</column>
			<column column="students.Alert_Other">Alert_Other</column>
			<column column="students.Alert_OtherExpires">Alert_OtherExpires</column>
			<column column="students.AllowWebAccess">AllowWebAccess</column>
			<column column="students.Balance1">Balance1</column>
			<column column="students.Balance2">Balance2</column>
			<column column="students.Balance3">Balance3</column>
			<column column="students.Bus_Route">Bus_Route</column>
			<column column="students.Bus_Stop">Bus_Stop</column>
			<column column="students.City">City</column>
			<column column="students.ClassOf">ClassOf</column>
			<column column="students.Cumulative_Pct">Cumulative_Pct</column>
			<column column="students.DCID">DCID</column>
			<column column="students.DistrictEntryDate">DistrictEntryDate</column>
			<column column="students.DistrictOfResidence">DistrictOfResidence</column>
			<column column="students.DOB">DOB</column>
			<column column="students.Doctor_Name">Doctor_Name</column>
			<column column="students.Doctor_Phone">Doctor_Phone</column>
			<column column="students.Emerg_Contact_1">Emerg_Contact_1</column>
			<column column="students.Emerg_Contact_2">Emerg_Contact_2</column>
			<column column="students.Emerg_Phone_1">Emerg_Phone_1</column>
			<column column="students.Emerg_Phone_2">Emerg_Phone_2</column>
			<column column="students.Enroll_Status">Enroll_Status</column>
			<column column="students.Enrollment_SchoolID">Enrollment_SchoolID</column>
			<column column="students.Enrollment_Transfer_Date_Pend">Enrollment_Transfer_Date_Pend</column>
			<column column="students.EnrollmentCode">EnrollmentCode</column>
			<column column="students.EnrollmentID">EnrollmentID</column>
			<column column="students.EnrollmentType">EnrollmentType</column>
			<column column="students.EntryCode">EntryCode</column>
			<column column="students.EntryDate">EntryDate</column>
			<column column="students.Ethnicity">Ethnicity</column>
			<column column="students.Exclude_FR_Rank">Exclude_FR_Rank</column>
			<column column="students.ExitCode">ExitCode</column>
			<column column="students.ExitComment">ExitComment</column>
			<column column="students.ExitDate">ExitDate</column>
			<column column="students.Father">Father</column>
			<column column="students.Father_StudentCont_guid">Father_StudentCont_guid</column>
			<column column="students.FedEthnicity">FedEthnicity</column>
			<column column="students.FedRaceDecline">FedRaceDecline</column>
			<column column="students.Fee_Exemption_Status">Fee_Exemption_Status</column>
			<column column="students.First_Name">First_Name</column>
			<column column="students.FTEID">FTEID</column>
			<column column="students.Gender">Gender</column>
			<column column="students.Geocode">Geocode</column>
			<column column="students.GPEntryYear">GPEntryYear</column>
			<column column="students.Grade_Level">Grade_Level</column>
			<column column="students.GradReqSetID">GradReqSetID</column>
			<column column="students.Graduated_Rank">Graduated_Rank</column>
			<column column="students.Graduated_SchoolID">Graduated_SchoolID</column>
			<column column="students.Graduated_SchoolName">Graduated_SchoolName</column>
			<column column="students.Guardian_StudentCont_guid">Guardian_StudentCont_guid</column>
			<column column="students.GuardianEmail">GuardianEmail</column>
			<column column="students.GuardianFax">GuardianFax</column>
			<column column="students.Home_Phone">Home_Phone</column>
			<column column="students.House">House</column>
			<column column="students.ID">ID</column>
			<column column="students.Last_Name">Last_Name</column>
			<column column="students.LastFirst">LastFirst</column>
			<column column="students.LastMeal">LastMeal</column>
			<column column="students.LDAPEnabled">LDAPEnabled</column>
			<column column="students.Log">Log</column>
			<column column="students.Lunch_ID">Lunch_ID</column>
			<column column="students.LunchStatus">LunchStatus</column>
			<column column="students.Mailing_City">Mailing_City</column>
			<column column="students.Mailing_Geocode">Mailing_Geocode</column>
			<column column="students.Mailing_State">Mailing_State</column>
			<column column="students.Mailing_Street">Mailing_Street</column>
			<column column="students.Mailing_Zip">Mailing_Zip</column>
			<column column="students.MembershipShare">MembershipShare</column>
			<column column="students.Middle_Name">Middle_Name</column>
			<column column="students.Mother">Mother</column>
			<column column="students.Mother_StudentCont_guid">Mother_StudentCont_guid</column>
			<column column="students.Next_School">Next_School</column>
			<column column="students.Person_ID">Person_ID</column>
			<column column="students.Phone_ID">Phone_ID</column>
			<column column="students.PhotoFlag">PhotoFlag</column>
			<column column="students.PL_Language">PL_Language</column>
			<column column="students.Sched_LoadLock">Sched_LoadLock</column>
			<column column="students.Sched_LockStudentSchedule">Sched_LockStudentSchedule</column>
			<column column="students.Sched_NextYearBuilding">Sched_NextYearBuilding</column>
			<column column="students.Sched_NextYearGrade">Sched_NextYearGrade</column>
			<column column="students.Sched_NextYearHouse">Sched_NextYearHouse</column>
			<column column="students.Sched_NextYearTeam">Sched_NextYearTeam</column>
			<column column="students.Sched_Priority">Sched_Priority</column>
			<column column="students.Sched_Scheduled">Sched_Scheduled</column>
			<column column="students.Sched_YearOfGraduation">Sched_YearOfGraduation</column>
			<column column="students.SchoolEntryDate">SchoolEntryDate</column>
			<column column="students.SchoolEntryGradeLevel">SchoolEntryGradeLevel</column>
			<column column="students.SchoolID">SchoolID</column>
			<column column="students.Simple_GPA">Simple_GPA</column>
			<column column="students.Simple_PCT">Simple_PCT</column>
			<column column="students.SSN">SSN</column>
			<column column="students.State">State</column>
			<column column="students.State_EnrollFlag">State_EnrollFlag</column>
			<column column="students.State_ExcludeFromReporting">State_ExcludeFromReporting</column>
			<column column="students.State_StudentNumber">State_StudentNumber</column>
			<column column="students.Street">Street</column>
			<column column="students.Student_AllowWebAccess">Student_AllowWebAccess</column>
			<column column="students.Student_Number">Student_Number</column>
			<column column="students.Student_Web_ID">Student_Web_ID</column>
			<column column="students.Student_Web_Password">Student_Web_Password</column>
			<column column="students.StudentSchlEnrl_guid">StudentSchlEnrl_guid</column>
			<column column="students.SummerSchoolID">SummerSchoolID</column>
			<column column="students.SummerSchoolNote">SummerSchoolNote</column>
			<column column="students.Team">Team</column>
			<column column="students.Track">Track</column>
			<column column="students.TransferComment">TransferComment</column>
			<column column="students.TuitionPayer">TuitionPayer</column>
			<column column="students.Web_ID">Web_ID</column>
			<column column="students.Web_Password">Web_Password</column>
			<column column="students.Withdrawal_Reason_Code">Withdrawal_Reason_Code</column>
			<column column="students.Zip">Zip</column>
		</columns>
		<sql>
			<![CDATA[				
SELECT 
Alert_Discipline,
Alert_DisciplineExpires,
Alert_Guardian,
Alert_GuardianExpires,
Alert_Medical,
Alert_MedicalExpires,
Alert_Other,
Alert_OtherExpires,
AllowWebAccess,
Balance1,
Balance2,
Balance3,
Bus_Route,
Bus_Stop,
City,
ClassOf,
Cumulative_Pct,
DCID,
DistrictEntryDate,
DistrictOfResidence,
DOB,
Doctor_Name,
Doctor_Phone,
Emerg_Contact_1,
Emerg_Contact_2,
Emerg_Phone_1,
Emerg_Phone_2,
Enroll_Status,
Enrollment_SchoolID,
Enrollment_Transfer_Date_Pend,
EnrollmentCode,
EnrollmentID,
EnrollmentType,
EntryCode,
EntryDate,
Ethnicity,
Exclude_FR_Rank,
ExitCode,
ExitComment,
ExitDate,
Father,
Father_StudentCont_guid,
FedEthnicity,
FedRaceDecline,
Fee_Exemption_Status,
First_Name,
FTEID,
Gender,
Geocode,
GPEntryYear,
Grade_Level,
GradReqSetID,
Graduated_Rank,
Graduated_SchoolID,
Graduated_SchoolName,
Guardian_StudentCont_guid,
GuardianEmail,
GuardianFax,
Home_Phone,
House,
ID,
Last_Name,
LastFirst,
LastMeal,
LDAPEnabled,
Log,
Lunch_ID,
LunchStatus,
Mailing_City,
Mailing_Geocode,
Mailing_State,
Mailing_Street,
Mailing_Zip,
MembershipShare,
Middle_Name,
Mother,
Mother_StudentCont_guid,
Next_School,
Person_ID,
Phone_ID,
PhotoFlag,
PL_Language,
Sched_LoadLock,
Sched_LockStudentSchedule,
Sched_NextYearBuilding,
Sched_NextYearGrade,
Sched_NextYearHouse,
Sched_NextYearTeam,
Sched_Priority,
Sched_Scheduled,
Sched_YearOfGraduation,
SchoolEntryDate,
SchoolEntryGradeLevel,
SchoolID,
Simple_GPA,
Simple_PCT,
SSN,
State,
State_EnrollFlag,
State_ExcludeFromReporting,
State_StudentNumber,
Street,
Student_AllowWebAccess,
Student_Number,
Student_Web_ID,
Student_Web_Password,
StudentSchlEnrl_guid,
SummerSchoolID,
SummerSchoolNote,
Team,
Track,
TransferComment,
TuitionPayer,
Web_ID,
Web_Password,
Withdrawal_Reason_Code,
Zip
	FROM students
			]]>
		</sql>
	</query>
	<query name="com.tools4ever.tables.data.districtcalendar" coreTable="districtcalendar" flattened="false" tags="t4e">
		<summary>District Calendar</summary>
		<description>List all for district calendar</description>
		<columns>
			<column column="districtcalendar.CalendarName">CalendarName</column>
			<column column="districtcalendar.CalendarYear">CalendarYear</column>
			<column column="districtcalendar.EndDate">EndDate</column>
			<column column="districtcalendar.ID">ID</column>
			<column column="districtcalendar.StartDate">StartDate</column>
		</columns>
		<sql>
			<![CDATA[				
SELECT CalendarName,
	CalendarYear,
	EndDate,
	ID,
	StartDate
	FROM districtcalendar
			]]>
		</sql>
	</query>
	<query name="com.tools4ever.tables.data.schools" coreTable="schools" flattened="false" tags="t4e">
		<summary>Schools</summary>
		<description>List all schools</description>
		<columns>
			<column column="schools.Abbreviation">Abbreviation</column>
			<column column="schools.Alternate_School_Number">Alternate_School_Number</column>
			<column column="schools.AsstPrincipalEmail">AsstPrincipalEmail</column>
			<column column="schools.AsstPrincipalPhone">AsstPrincipalPhone</column>
			<column column="schools.BulletinEmail">BulletinEmail</column>
			<column column="schools.CountyName">CountyName</column>
			<column column="schools.CountyNbr">CountyNbr</column>
			<column column="schools.DCID">DCID</column>
			<column column="schools.DfltNextSchool">DfltNextSchool</column>
			<column column="schools.Fee_Exemption_Status">Fee_Exemption_Status</column>
			<column column="schools.High_Grade">High_Grade</column>
			<column column="schools.Hist_High_Grade">Hist_High_Grade</column>
			<column column="schools.Hist_Low_Grade">Hist_Low_Grade</column>
			<column column="schools.IsSummerSchool">IsSummerSchool</column>
			<column column="schools.Low_Grade">Low_Grade</column>
			<column column="schools.Name">Name</column>
			<column column="schools.Principal">Principal</column>
			<column column="schools.PrincipalEmail">PrincipalEmail</column>
			<column column="schools.PrincipalPhone">PrincipalPhone</column>
			<column column="schools.PSComm_Path">PSComm_Path</column>
			<column column="schools.ScheduleWhichSchool">ScheduleWhichSchool</column>
			<column column="schools.SchoolAddress">SchoolAddress</column>
			<column column="schools.SchoolCategoryCodesetID">SchoolCategoryCodesetID</column>
			<column column="schools.SchoolCity">SchoolCity</column>
			<column column="schools.SchoolFax">SchoolFax</column>
			<column column="schools.SchoolGroup">SchoolGroup</column>
			<column column="schools.SchoolPhone">SchoolPhone</column>
			<column column="schools.SchoolState">SchoolState</column>
			<column column="schools.SchoolZip">SchoolZip</column>
			<column column="schools.School_Number">School_Number</column>
			<column column="schools.SortOrder">SortOrder</column>
			<column column="schools.SIF_StatePrID">SIF_StatePrID</column>
			<column column="schools.State_ExcludeFromReporting">State_ExcludeFromReporting</column>
			<column column="schools.SysEmailFrom">SysEmailFrom</column>
			<column column="schools.TchrLogEntrTo">TchrLogEntrTo</column>
		</columns>
		<sql>
			<![CDATA[				
SELECT
null Abbreviation,
null Alternate_School_Number,
null AsstPrincipalEmail,
null AsstPrincipalPhone,
null BulletinEmail,
null CountyName,
null CountyNbr,
0 DCID,
null DfltNextSchool,
null Fee_Exemption_Status,
null High_Grade,
null Hist_High_Grade,
null Hist_Low_Grade,
null IsSummerSchool,
null Low_Grade,
'District' Name,
null Principal,
null PrincipalEmail,
null PrincipalPhone,
null PSComm_Path,
null ScheduleWhichSchool,
null SchoolAddress,
null SchoolCategoryCodesetID,
null SchoolCity,
null SchoolFax,
null SchoolGroup,
null SchoolPhone,
null SchoolState,
null SchoolZip,
0 School_Number,
null SortOrder,
null SIF_StatePrID,
null State_ExcludeFromReporting,
null SysEmailFrom,
null TchrLogEntrTo
FROM Schools
WHERE ROWNUM = 1
UNION ALL
SELECT 
Abbreviation,
Alternate_School_Number,
AsstPrincipalEmail,
AsstPrincipalPhone,
BulletinEmail,
CountyName,
CountyNbr,
DCID,
DfltNextSchool,
Fee_Exemption_Status,
High_Grade,
Hist_High_Grade,
Hist_Low_Grade,
IsSummerSchool,
Low_Grade,
Name,
Principal,
PrincipalEmail,
PrincipalPhone,
PSComm_Path,
ScheduleWhichSchool,
SchoolAddress,
SchoolCategoryCodesetID,
SchoolCity,
SchoolFax,
SchoolGroup,
SchoolPhone,
SchoolState,
SchoolZip,
School_Number,
SortOrder,
SIF_StatePrID,
State_ExcludeFromReporting,
SysEmailFrom,
TchrLogEntrTo
FROM Schools
			]]>
		</sql>
	</query>
</queries>
